"Spontaneous_deamination_of_5-methylcytosine"	"AID/APOBEC_family_of_cytidine_deaminases"	"Failure_of_DNA_double-strand_break-repair_by_homologous_recombination"	"Smoking"	"Unknown"	"Defective_DNA_mismatch_repair"	"Ultraviolet_light_exposure"	"Polymerase_activity"	"Alkylating_agents"	"Aristolochic_acid_exposure"	"Tobacco_chewing"
"TCGA-97-7938-01A"	0	0.0720472366756668	0	0.571173709318706	0.107077949565862	0.140343876798489	0	0	0	0	0
"TCGA-MP-A4TJ-01A"	0.214364416782133	0	0	0.179986497845758	0.308205284956591	0.148168855015958	0	0	0	0	0
"TCGA-97-7546-01A"	0	0	0	0.663153522833843	0.143593924084834	0.0829713436201212	0	0	0	0	0
"TCGA-44-7670-01A"	0	0.0674340813984437	0	0.712413077154323	0.0833185513579459	0	0	0	0	0	0
"TCGA-62-A46Y-01A"	0.528444295753058	0	0	0	0.144488802532365	0	0.0889854266296139	0.16281046453243	0	0	0
"TCGA-78-8640-01A"	0	0.0775737021119363	0.146618724350778	0.555291264415692	0	0.0870186416724701	0	0	0	0	0
"TCGA-J2-A4AG-01A"	0.235389783627753	0	0	0.253882273975789	0.180798272709369	0	0	0	0.0975570617756818	0	0.109694996991077
"TCGA-95-7043-01A"	0	0	0	0.827645639068312	0	0	0	0	0	0	0
"TCGA-MP-A4SW-01A"	0.454871240465097	0	0.0835080564757544	0	0	0.08469629141886	0.162874467341292	0	0	0	0
"TCGA-55-A48X-01A"	0	0	0	0.88212557575196	0	0	0	0	0	0	0
"TCGA-17-Z030-01A"	0	0	0	0.835224066904906	0	0.0997906130248101	0	0	0	0	0
"TCGA-17-Z003-01A"	0.0858341702548842	0	0.201530195717339	0.309842439098287	0.11720193856382	0	0	0	0	0	0
"TCGA-97-8547-01A"	0.126786143860968	0.22214116066864	0	0	0	0.407010789270416	0.0629659898008216	0.0999261999672368	0	0	0
"TCGA-55-8620-01A"	0	0	0	0.736214552453912	0	0.182834028287719	0	0	0	0	0
"TCGA-55-8092-01A"	0	0.143747331302514	0	0.562158382729346	0	0.0968547988719772	0.0660574828842197	0	0	0	0
"TCGA-78-7163-01A"	0.636542966616769	0	0	0.196259793767237	0.151506664688881	0	0	0	0	0	0
"TCGA-71-8520-01A"	0.187711906995198	0.166344992082466	0	0.174792527962	0	0.311936951167616	0	0.0985618782352826	0	0	0
"TCGA-86-8279-01A"	0	0	0	0.845980665010982	0	0.101614349638231	0	0	0	0	0
"TCGA-05-5425-01A"	0	0	0	0.680358864008257	0.123233109453315	0	0	0	0	0	0
"TCGA-05-4390-01A"	0	0	0	0.833446981382428	0	0.0752198784864211	0	0	0	0	0
"TCGA-78-7152-01A"	0	0.270244490514549	0	0.0945441876453613	0	0	0.137879450933478	0	0	0	0.295509660810497
"TCGA-05-4427-01A"	0	0	0	0.712063357223663	0	0	0	0	0	0	0
"TCGA-86-8074-01A"	0.191318527931161	0	0.0961100367268444	0.0926540786361646	0.292650301741705	0	0	0	0.0841854136969301	0	0
"TCGA-55-8508-01A"	0.142037102415038	0.0607013837120304	0	0.641953550705228	0	0.0667850489023514	0	0	0	0	0
"TCGA-05-4426-01A"	0.369894024651728	0	0	0	0.432035785956464	0	0	0	0	0	0
"TCGA-05-4402-01A"	0.127655856110383	0.516503636546538	0.218792504948689	0	0	0	0.0633619651702594	0	0	0	0
"TCGA-44-3918-01A"	0	0	0	0.787031156654105	0.0671561773283278	0	0	0	0	0	0
"TCGA-97-8172-01A"	0.130334788426426	0	0	0.610363249848442	0.135993206729917	0	0	0	0	0	0
"TCGA-86-8359-01A"	0.111221804184283	0	0	0.638567153342839	0.0612652075026565	0	0	0	0	0.0692215348426062	0
"TCGA-49-AAQV-01A"	0.0708695495506801	0.367389595687393	0.261427769961589	0	0	0.113913139486832	0	0	0.0947758135804379	0	0.0916241317330684
"TCGA-78-7147-01A"	0.0730986948496776	0.0723854167858698	0.135097722103408	0.432501745772079	0	0.115973870448148	0	0	0	0	0
"TCGA-64-1677-01A"	0.129518865316784	0.216533995435939	0.123325747498535	0	0.298025089646384	0.063344342439843	0	0	0	0	0
"TCGA-91-8497-01A"	0.350064650483359	0	0	0	0.363155853223819	0	0.219093691688147	0	0	0	0
"TCGA-86-8075-01A"	0.67459841023631	0	0	0	0	0.0996772900138876	0	0	0.148959610721561	0	0
"TCGA-50-5946-01A"	0	0.183199750196935	0	0.664243070222714	0	0.0895058136996549	0	0	0	0	0
"TCGA-49-AAR9-01A"	0.0667964424977284	0	0	0.81352103910142	0.0828794626693153	0	0	0	0	0	0
"TCGA-MP-A4TF-01A"	0	0	0	0.773762948462204	0.0642051167526144	0.0779938803502813	0	0	0	0	0
"TCGA-49-AAR4-01A"	0	0.127303652336398	0	0.636449646185635	0.0894797084397873	0	0.0640581233499905	0	0	0	0
"TCGA-86-7713-01A"	0.120314435650538	0	0	0.71851208054031	0	0	0.0999464858208303	0	0	0	0
"TCGA-78-8660-01A"	0	0.123344898809374	0	0.355618357123703	0.257527008022022	0	0	0	0	0	0
"TCGA-83-5908-01A"	0.0733722225683504	0.306968967890273	0.0769679420251251	0.508879951956146	0	0	0	0	0	0	0
"TCGA-55-6642-01A"	0	0	0	0.600567677249878	0	0.139416982590209	0	0.0701547404024205	0	0	0
"TCGA-55-6543-01A"	0.729415893262062	0	0	0	0.139033709831911	0	0.0781031542299911	0	0	0	0
"TCGA-17-Z056-01A"	0	0.130397319823139	0.168207794273649	0.54711945763739	0	0	0	0	0	0	0
"TCGA-05-4397-01A"	0	0.0792598437788825	0	0.561962714818197	0	0	0	0	0	0	0
"TCGA-17-Z013-01A"	0.157399189590635	0	0	0.328514406152108	0.25191295261674	0	0	0	0	0	0.0747998944278832
"TCGA-55-8621-01A"	0	0.0699024517100643	0	0.312845459680262	0.266345802323459	0.142357648298782	0	0	0	0.109048436923776	0
"TCGA-55-6978-01A"	0.469521347904083	0	0.26590144542934	0	0.154502607038341	0.110074599628236	0	0	0	0	0
"TCGA-44-2659-01A"	0	0	0	0.801174789229105	0	0	0	0	0	0	0
"TCGA-44-5643-01A"	0.282822781810157	0.0777121293292164	0.155447808505859	0	0.261432944527703	0.0800318803511897	0.0974062728550132	0	0	0	0
"TCGA-78-7156-01A"	0	0.306244955640865	0	0.239990380623996	0.170776386851029	0.0690355768651457	0.114057720851377	0	0	0	0
"TCGA-17-Z043-01A"	0	0	0	0.35736507042563	0.19169436132486	0.140548142278665	0	0	0	0	0
"TCGA-50-5942-01A"	0.114456753071118	0	0.299176168691179	0.359223612894088	0.10922854202933	0	0	0	0	0	0
"TCGA-50-6590-01A"	0	0.162371992391379	0	0.655704608721524	0	0.0685879907827848	0	0	0	0	0
"TCGA-05-4410-01A"	0	0.0610619173947586	0	0.776151925227462	0	0	0	0	0	0	0
"TCGA-55-A48Y-01A"	0.107697565969015	0.700473438010619	0	0	0	0	0.0665916959170453	0	0	0	0
"TCGA-75-5147-01A"	0.359922312710797	0.111608219151986	0.432134388997049	0	0	0	0	0	0	0	0
"TCGA-44-3396-01A"	0.173759075999267	0.343146716242364	0.0761493802134267	0.0735332840937059	0.176042348002915	0	0	0	0	0	0
"TCGA-93-A4JO-01A"	0	0.165492382577964	0	0	0.447629004667658	0.197071116979339	0.117502259502311	0	0	0	0
"TCGA-62-8395-01A"	0.310559944036536	0.1629939822115	0	0	0.0892245620049778	0.249702220877228	0.105155581562286	0	0	0	0
"TCGA-44-2662-01A"	0	0.538967555570339	0	0.169032625831026	0.107796651162594	0	0	0	0	0	0
"TCGA-78-7155-01A"	0	0	0	0.797972973021235	0	0	0	0	0	0	0
"TCGA-50-5931-01A"	0	0	0.0710701130928872	0.604721736073452	0.0739883894550109	0.110682898701418	0	0	0	0	0
"TCGA-69-7760-01A"	0.179003005727652	0.0747908597254329	0	0.243219199944883	0.105907769051224	0.266648736374706	0	0	0	0	0
"TCGA-44-A47G-01A"	0.163495647621307	0.121916297607095	0	0.225541614563423	0.186049922243248	0	0.155242851078914	0	0	0	0
"TCGA-17-Z057-01A"	0.0862375473967851	0.39367224290563	0.16115517812147	0.0793525140505342	0.0772501016795547	0	0	0	0	0	0
"TCGA-55-8301-01A"	0	0.0690641768461657	0	0.537874326849278	0.116295559452543	0.142661661715627	0	0	0	0	0
"TCGA-86-8669-01A"	0.166900579871703	0	0.131069284383951	0.38728199404262	0.0761070278433973	0	0	0	0	0.0702112338669564	0
"TCGA-55-7724-01A"	0.149522961831259	0.145627288004599	0	0.23291272612694	0.272363866235164	0	0	0	0	0	0
"TCGA-MN-A4N5-01A"	0	0.0619847253313998	0	0.627970754431655	0.0838929373426066	0.0619432110073691	0	0	0	0	0
"TCGA-50-5072-01A"	0.103983916690185	0.0801613892005808	0	0.569439183764721	0	0	0.0618004659382521	0	0	0	0
"TCGA-50-8460-01A"	0.34553109786132	0.113922542158295	0	0	0.445619523414888	0	0	0	0	0	0
"TCGA-75-6207-01A"	0.142718418660387	0.170171452752051	0	0	0.362629632449906	0.131094800506473	0.0909159065219804	0	0	0	0
"TCGA-05-4405-01A"	0	0	0	0.713193424005559	0	0.128083277081486	0.0627155348258971	0	0	0	0
"TCGA-97-7941-01A"	0.0749284001901672	0.103294160382906	0	0.614525116149658	0	0.157640179664092	0	0	0	0	0
"TCGA-38-4625-01A"	0	0.160362768259629	0	0.821967826613597	0	0	0	0	0	0	0
"TCGA-78-7160-01A"	0.185997068365742	0	0.180228607412189	0	0.318820969372488	0	0	0	0.115870822614958	0	0
"TCGA-55-1596-01A"	0	0	0.0897073917934581	0.317147417248719	0.296438037911755	0.0909481741699501	0.0773507938595712	0	0	0	0
"TCGA-44-7669-01A"	0	0	0	0.588985219780346	0.11428371952262	0.0625231941514065	0	0	0	0	0
"TCGA-55-6983-01A"	0	0	0	0.48945145028293	0	0.197903414704256	0	0	0	0.0748150409974403	0
"TCGA-99-AA5R-01A"	0	0	0	0.770316712549501	0	0	0	0	0	0.0878834496565092	0
"TCGA-67-6216-01A"	0.134593968596531	0.167527112681373	0	0	0.466366535292662	0	0.134239082260815	0	0	0	0
"TCGA-55-6971-01A"	0	0.0612607767208657	0	0.200550205246038	0.185547665248445	0.164793574315633	0	0	0	0.090403849337229	0.160836180974122
"TCGA-L9-A743-01A"	0	0.298146885555473	0	0.21617835468983	0	0.100129795342726	0	0.100599371449922	0	0.0785570259213989	0.145228030591401
"TCGA-86-8076-01A"	0.307325681202348	0.195381856246574	0	0.214480568752201	0	0	0.104447669303984	0	0	0	0
"TCGA-91-6849-01A"	0	0	0.173069210024468	0.538217799985616	0	0	0	0	0	0	0.116375197801368
"TCGA-05-4382-01A"	0	0	0	0.878275706433622	0	0	0	0	0	0	0
"TCGA-55-8204-01A"	0	0.246685479878357	0.102075102004298	0	0.0881085773331847	0.114295835082697	0.147471699522393	0	0	0	0.213216877836056
"TCGA-86-A4JF-01A"	0.0877602715902539	0	0	0.124680319716542	0.221739370866328	0.422153498654713	0	0	0	0	0
"TCGA-49-4501-01A"	0.468030373211183	0.150468691195912	0	0	0	0.281509509489876	0	0	0	0	0
"TCGA-55-6968-01A"	0	0.565102683434246	0.081511217596436	0	0.0856131144387674	0	0.0818392430507411	0	0	0	0
"TCGA-91-6847-01A"	0.440844684145111	0.0963608389628595	0.194878518226504	0	0.0641668981665346	0	0	0	0	0	0
"TCGA-86-7955-01A"	0.0732115747420292	0	0.110333063051579	0.448158115192788	0.185502158912182	0	0	0	0	0	0
"TCGA-55-7911-01A"	0.0860235407342485	0	0	0.57768282995347	0.0907984003926613	0	0	0	0	0	0
"TCGA-MP-A4T2-01A"	0	0.148952159582033	0.243164455005298	0.091406505880408	0.223930065942184	0.0970128775992268	0.113329462497162	0	0	0	0
"TCGA-86-7953-01A"	0	0.0969728721902407	0.180254116386298	0	0.169826645446733	0.15835586657973	0	0	0	0	0
"TCGA-55-8207-01A"	0	0	0	0.621956920768448	0.131922805710282	0.128690857320266	0	0	0	0	0
"TCGA-MP-A4T8-01A"	0.152359163206103	0	0	0.258021167396254	0.442444421048643	0	0	0	0	0	0
"TCGA-78-7166-01A"	0	0	0	0.731904198426682	0	0.185161887098205	0	0	0	0	0
"TCGA-75-5146-01A"	0	0	0	0.600060968315107	0.0672224815837806	0	0	0	0	0	0.151444618100273
"TCGA-17-Z048-01A"	0.448858725603131	0.0759821737835119	0.128446783435801	0	0.192047514333051	0.0879986473422634	0	0.0666661555022426	0	0	0
"TCGA-49-4510-01A"	0	0	0.255552124086465	0.147014259611191	0.393079075483421	0	0	0	0	0	0
"TCGA-78-7539-01A"	0.112080673774351	0.425255675829326	0	0.0994827511735376	0.130032945693693	0	0.0842682663350375	0	0	0	0
"TCGA-55-6981-01A"	0.431250731073865	0.0827805103098322	0.131406341960978	0	0	0.164271703251736	0.0840726633581103	0	0	0	0
"TCGA-64-5775-01A"	0	0	0	0.678020347730237	0.148628756737279	0.0757363701470889	0	0	0	0	0
"TCGA-55-6712-01A"	0.100598725185479	0.454884047583834	0.0754431772374068	0.0652746566760753	0.0908580879195332	0.0967410865804614	0	0	0	0	0
"TCGA-55-8087-01A"	0.353710138697784	0.0736509954181568	0	0	0	0.279424458443205	0.212167768633428	0.0810466388074259	0	0	0
"TCGA-05-5428-01A"	0	0.271758355491385	0	0.620920332837743	0	0.0746100195035757	0	0	0	0	0
"TCGA-05-4425-01A"	0.900017190823642	0	0	0	0	0.0645128654794004	0	0	0	0	0
"TCGA-55-A48Z-01A"	0	0	0	0.0683493984892004	0.185465267193776	0.329523733341752	0	0	0	0	0.171413061680637
"TCGA-55-A493-01A"	0	0.133287915623282	0	0.508780460269112	0.170819344319143	0.0662945281713837	0	0	0	0	0
"TCGA-97-A4LX-01A"	0	0	0	0.256009815225468	0.421566902560005	0	0	0	0	0	0.065246698208348
"TCGA-75-6206-01A"	0	0.0810677280430426	0	0.607596891525024	0.0926713358330761	0	0.0746534565375769	0	0	0	0
"TCGA-55-7914-01A"	0.143791251933994	0.0730082073048423	0	0.422424044875279	0.074274648693838	0.109078171906923	0.0687280344280141	0	0	0	0
"TCGA-97-A4M7-01A"	0	0	0	0.848070913245272	0	0.0679809533908135	0	0	0	0	0
"TCGA-L9-A5IP-01A"	0	0	0	0.680192646908925	0.0796109894481816	0	0	0	0	0	0
"TCGA-05-5423-01A"	0.123607588123872	0.0603713499892004	0	0.368251325731067	0.284721859952193	0.111392932088916	0	0	0	0	0
"TCGA-44-6145-01A"	0	0	0	0.95130420707426	0	0	0	0	0	0	0
"TCGA-67-6217-01A"	0	0	0	0.748893133861458	0	0.114269363036493	0	0	0	0	0
"TCGA-91-6836-01A"	0	0	0	0.745899400580927	0	0.0995428839483808	0	0	0	0	0
"TCGA-44-7671-01A"	0	0	0	0.519934052086046	0.215405304802129	0.0803413475136966	0	0	0	0	0
"TCGA-S2-AA1A-01A"	0	0	0	0.747480752955585	0.143593384555987	0	0	0	0	0	0
"TCGA-73-7499-01A"	0.240268002178045	0.207487475628395	0.146281168879788	0	0.211647557769686	0	0	0	0.0619156298889308	0	0
"TCGA-17-Z047-01A"	0.29948311860418	0.0961628046125175	0.411203157374539	0	0	0.0770172859543513	0	0	0	0	0
"TCGA-49-AARN-01A"	0	0.165107985173481	0	0.278631431408744	0.442258140357998	0	0	0	0	0	0
"TCGA-L9-A50W-01A"	0.223783810548869	0.193210284022895	0.206852555195819	0	0.0754819415589214	0	0	0	0	0	0.104488539658088
"TCGA-17-Z054-01A"	0	0	0.0793377514135552	0.152053013476674	0.126626418858097	0.464404841388154	0.17757795742139	0	0	0	0
"TCGA-62-A46U-01A"	0.191807219229598	0.0739935481777072	0	0.157209564703769	0	0.411013489093896	0	0	0	0	0
"TCGA-05-4433-01A"	0.684144975691838	0	0	0	0	0.30243097271009	0	0	0	0	0
"TCGA-49-6761-01A"	0	0.339915123403511	0	0.393241399707291	0	0.17597427723817	0	0	0	0	0
"TCGA-86-7711-01A"	0	0.184409773249344	0.0634189198848986	0.419125799840817	0	0.152486726198682	0	0	0	0	0
"TCGA-50-5068-01A"	0.269513008938866	0	0.061646259348831	0.0691093623696179	0.35003258545632	0.133707413113946	0	0.0617862676235166	0	0	0
"TCGA-67-4679-01B"	0	0	0	0.709315258312656	0.18963454201424	0.0683965315481492	0	0	0	0	0
"TCGA-86-A4P7-01A"	0.284698282929722	0.297661925640036	0.142629385713739	0	0.197128060761504	0	0	0	0	0	0
"TCGA-44-2665-01A"	0	0.312535877683194	0.146603968077003	0	0.230271831961348	0.183287075827092	0	0	0	0	0
"TCGA-44-3919-01A"	0	0.189957550338339	0.189737461454061	0	0.153208950456575	0.0991617852662744	0.13772952532931	0.0699376028187707	0	0	0
"TCGA-55-6987-01A"	0	0.309669638536496	0	0.24430201587201	0.224483924594436	0	0	0	0	0	0
"TCGA-91-6829-01A"	0	0	0	0.567765117343811	0.259230732807296	0	0	0	0	0	0
"TCGA-86-8055-01A"	0.548101249219141	0	0.289206936668275	0	0.141875287175777	0	0	0	0	0	0
"TCGA-05-4396-01A"	0	0	0	0.509915728989208	0.158439179469894	0	0	0	0.0669671682763996	0	0
"TCGA-17-Z055-01A"	0	0	0	0.789154086596232	0.0742734526475523	0.0604637005518056	0	0	0	0	0
"TCGA-62-8399-01A"	0	0.323996853347578	0	0.501192970552943	0	0.0838657154655831	0	0	0	0	0
"TCGA-86-8358-01A"	0	0	0	0.772195162090487	0	0.0853982275661913	0	0	0	0	0
"TCGA-62-8397-01A"	0.371953966756775	0.0654487116727671	0	0	0.350862404048709	0.0859620551224002	0	0	0.0726061601683453	0	0
"TCGA-MP-A4TK-01A"	0	0.0855821691115756	0	0.755798164558941	0	0	0	0	0	0	0
"TCGA-44-7667-01A"	0.117458202945088	0	0.0637639400124597	0.548412043654599	0.204237277147815	0	0	0	0	0	0
"TCGA-17-Z007-01A"	0.53403883647722	0	0	0	0.24260319765013	0.082516134347688	0	0	0	0.0885330866650822	0
"TCGA-97-8174-01A"	0.0912697524210044	0.0835872577066845	0	0.281636323520714	0.359324728807784	0.129718145177391	0	0	0	0	0
"TCGA-44-A4SS-01A"	0	0	0.0767429684336956	0.628297504251624	0	0	0	0	0	0	0
"TCGA-NJ-A55O-01A"	0	0	0	0.750620101525184	0.108978291625922	0	0	0	0	0	0
"TCGA-78-7159-01A"	0	0	0	0.577470842132701	0.10576826189676	0.14360542713067	0	0	0	0.068576950843809	0
"TCGA-78-7535-01A"	0	0	0.0969729036452976	0.405422286056645	0.332649930110181	0.0744685623071521	0	0	0	0	0
"TCGA-91-8499-01A"	0.0689800470600809	0.195768946607498	0	0.389506340477169	0.106385774350947	0	0	0	0	0	0
"TCGA-17-Z015-01A"	0.165669787979225	0	0	0.68405831119037	0	0.0750204662606547	0	0	0	0	0
"TCGA-17-Z005-01A"	0.0652108522139919	0	0	0.309799739707913	0.255140092520223	0	0	0	0	0	0.14773611659182
"TCGA-44-5644-01A"	0	0	0	0.64409555123242	0.099125882990395	0.0679734860373956	0	0	0	0	0
"TCGA-55-8206-01A"	0.305223862457179	0.153009590580858	0	0	0.253815207264369	0.189582815060274	0	0	0	0	0
"TCGA-55-8614-01A"	0.238573253163418	0.0821288231278112	0	0.144808493976119	0.326433120152245	0	0	0	0	0	0
"TCGA-55-7910-01A"	0	0	0	0.603846525954048	0.168777410259303	0.161140153913799	0	0	0	0	0
"TCGA-17-Z053-01A"	0.0685666501816756	0.0707821667860338	0.137620134974794	0.376302731739448	0.064135680121206	0.147038189057805	0	0	0	0	0
"TCGA-73-4668-01A"	0	0	0	0.707625030413912	0.0707086197589543	0.0601647683205475	0	0	0	0.0717456545513525	0
"TCGA-91-6835-01A"	0.171254915653416	0	0.342423973922645	0.139934225405723	0	0	0.060182527769059	0	0	0	0
"TCGA-69-7978-01A"	0.0703756199418853	0.243334887674019	0	0.605003404381872	0	0	0	0	0	0	0
"TCGA-44-4112-01A"	0	0.16178141148246	0	0.711173425228472	0	0	0	0	0	0	0
"TCGA-73-4675-01A"	0.133150585254117	0	0	0	0.269977993344255	0.218184697907322	0	0	0	0	0
"TCGA-50-5933-01A"	0.0761556780160991	0	0	0.564363144252321	0.086278814545292	0	0	0	0	0	0
"TCGA-50-6592-01A"	0.0744025485626373	0.0747586975571933	0.127449432652892	0.188433227674134	0.193879216301233	0.069558980525028	0	0	0	0	0
"TCGA-44-6146-01A"	0	0	0	0	0.37158833352561	0.224313185934245	0.344743719221467	0	0	0	0
"TCGA-05-4432-01A"	0	0	0	0.715004306996405	0.0794019520759421	0.0827606319899894	0	0	0	0	0
"TCGA-62-8402-01A"	0.535433038949219	0	0	0	0.287980432799566	0	0.0934362285443397	0	0	0	0
"TCGA-35-4123-01A"	0	0	0	0.76437757071437	0.0975966195107972	0.0829344183711768	0	0	0	0	0
"TCGA-49-AAR2-01A"	0	0	0	0.764836471561956	0.132697982296005	0	0	0	0	0	0
"TCGA-50-5066-01A"	0	0.0600884489901039	0.188693037098152	0.589072434780105	0.0676241484463837	0	0	0	0	0	0
"TCGA-49-AARO-01A"	0	0	0	0.868519960501007	0.0769076062428577	0	0	0	0	0	0
"TCGA-17-Z002-01A"	0	0.282211408425631	0	0	0	0	0.402723125548481	0	0	0	0
"TCGA-75-6211-01A"	0.0613521923262867	0	0	0.776128238036685	0	0	0	0	0	0	0
"TCGA-55-8085-01A"	0.157750382624765	0.348395343494971	0	0.264517986333846	0.139884494931847	0	0	0	0	0	0
"TCGA-80-5607-01A"	0	0.764927046039623	0	0	0.0924531178907272	0	0	0	0	0	0
"TCGA-55-7728-01A"	0	0	0	0.693323081276488	0	0.229972098420801	0	0	0	0	0
"TCGA-64-5815-01A"	0.15413008962429	0	0	0.65506667715597	0.0734094399385466	0	0	0	0	0	0
"TCGA-NJ-A4YI-01A"	0	0	0	0.533177872557741	0.215700819931779	0.146185070829388	0	0	0	0	0
"TCGA-55-7284-01B"	0.608683645835463	0	0	0	0.0996474382246724	0.0748900619471624	0.144279862701423	0	0	0	0
"TCGA-78-7149-01A"	0	0.415535479694108	0	0.083309621859162	0.279872524543396	0.125443507529563	0	0	0	0	0
"TCGA-86-8674-01A"	0	0.0839468257046192	0	0.745273967475273	0.0842854201204919	0.076257603354752	0	0	0	0	0
"TCGA-86-6851-01A"	0	0.0891159623872099	0	0.599861782865805	0.185816751902598	0	0	0	0	0	0
"TCGA-86-8673-01A"	0	0	0	0.706285852872708	0.11863874018047	0.0685285859085797	0	0	0	0	0
"TCGA-49-4507-01A"	0.168967294177663	0.142242930966569	0.0796798157741204	0.247617592251395	0.198544358336735	0	0.0682102513036901	0	0	0.0638420689404523	0
"TCGA-L9-A443-01A"	0	0	0.130879752012301	0.673632549449035	0.0887073947835591	0	0	0	0	0	0
"TCGA-55-1592-01A"	0	0	0.167430942985462	0.351963561288345	0.0999955564936505	0.0725948006525349	0	0	0	0	0
"TCGA-78-7158-01A"	0.0647441387741218	0.0763711978452624	0	0.55263560350302	0.0732170091895778	0.0969616371431229	0	0	0	0	0
"TCGA-55-A4DF-01A"	0	0.521910642410168	0.0733289965103912	0.0738271876221996	0.0952338227007107	0	0.125167350774633	0	0	0	0
"TCGA-55-8616-01A"	0	0	0	0.654668024960901	0.153857441505807	0	0	0	0	0	0
"TCGA-17-Z004-01A"	0.104041032135481	0	0	0	0.154096855315141	0.588169543638333	0	0	0	0.109288282805106	0
"TCGA-69-A59K-01A"	0	0	0	0.76605158417571	0	0.0836475912213969	0	0	0	0	0
"TCGA-78-7162-01A"	0	0.09259261808762	0	0.327413236754685	0.209403245626874	0	0.0962395243066363	0	0	0	0
"TCGA-05-4434-01A"	0.282819851202367	0.14669007326019	0	0	0.250683759057466	0.0815942507252754	0	0	0	0.11809740702676	0
"TCGA-05-4249-01A"	0.073185445227087	0	0.077315494772161	0.712055268966158	0	0	0	0	0	0	0
"TCGA-44-7661-01A"	0	0.0965401579450055	0	0.625500146404121	0	0	0	0	0	0	0
"TCGA-64-5778-01A"	0	0	0	0.743824567282939	0.106204934398329	0	0	0	0	0	0
"TCGA-75-7031-01A"	0.179412965322929	0.0812356272619861	0	0.455484461219013	0.0600102033035503	0	0	0	0	0.0600506592232309	0
"TCGA-73-4658-01A"	0	0.34568862113956	0	0.438867070494726	0	0	0	0	0	0	0
"TCGA-17-Z028-01A"	0	0.0611230196964649	0	0.667225012342071	0	0	0	0	0	0	0
"TCGA-J2-A4AD-01A"	0	0.348053894475528	0.248355686747172	0.0921870590628484	0	0.097332184969704	0	0	0	0	0.120493041578627
"TCGA-69-8255-01A"	0.0663472911362624	0.064753233122545	0	0.39326235821867	0.361106719552921	0	0	0	0	0	0
"TCGA-55-8505-01A"	0.0718353912656067	0.10064692188129	0.302689036826657	0	0.15591744627525	0.064891999059643	0.0813501162035108	0	0	0	0
"TCGA-95-7947-01A"	0	0.274036170004157	0.0906146722387635	0.244644810308644	0.117750421621423	0	0.0741293484856961	0	0	0	0
"TCGA-38-4628-01A"	0.19762956662858	0	0.360373450886468	0	0.146556379304959	0	0	0.0832314510903888	0	0	0
"TCGA-67-3770-01A"	0	0	0	0.666353393659806	0.0645481440841887	0.0875157303050423	0	0	0	0	0
"TCGA-55-7907-01A"	0	0.139555099247219	0	0.676986894849951	0	0	0	0	0	0	0
"TCGA-49-6743-01A"	0	0.232465404324803	0	0.481657169567808	0	0	0	0	0	0	0
"TCGA-75-6212-01A"	0.540997224465799	0	0	0	0	0.0953865253562724	0.0615953676897625	0	0.261876407303302	0	0
"TCGA-97-8177-01A"	0	0	0.226474252424174	0	0.483318194446153	0.196170756096485	0	0	0	0	0
"TCGA-55-8205-01A"	0	0.272331295866554	0	0.418437162004711	0	0	0	0	0	0	0
"TCGA-86-8672-01A"	0.0903224583276977	0.0687348637928137	0	0.679145252294539	0	0	0	0	0	0	0
"TCGA-55-8097-01A"	0.289745248930446	0	0	0.307134721672187	0	0	0	0	0	0	0
"TCGA-NJ-A4YP-01A"	0	0.573934240869978	0	0.115996648652887	0.0956835268567459	0	0	0	0	0	0
"TCGA-38-7271-01A"	0	0.36226487597901	0	0.211523930553205	0.318504974754052	0	0	0	0	0	0
"TCGA-86-8281-01A"	0	0.0782979323418452	0	0.560045660005733	0.0644947234768735	0.157871011046423	0	0	0	0	0
"TCGA-55-A494-01A"	0.199306135023156	0	0	0.469065888889794	0.221928754655213	0.0659999309864592	0	0	0	0	0
"TCGA-05-4422-01A"	0.141791434196609	0.237348030912324	0.15052224878681	0.0724345734425206	0.12254859673561	0	0.133382040124448	0.0895696132346051	0	0	0
"TCGA-55-7913-01B"	0	0	0	0.528145142124196	0.129228059784806	0.124438801369299	0	0	0	0	0
"TCGA-49-6745-01A"	0.187842155293891	0.437030637691385	0	0	0	0.174262607685906	0.126466984867659	0	0	0	0
"TCGA-50-8457-01A"	0.12603715257739	0	0	0.125380281437187	0.43176753619698	0.197512287962985	0.0641543049047722	0	0	0	0
"TCGA-97-8176-01A"	0.145733640019661	0.246356970955051	0	0.12428248682801	0.0963968049271206	0.136712111762177	0.0799817047491146	0	0	0	0.0889831073352996
"TCGA-73-4670-01A"	0	0	0	0.64655588332926	0	0.175968817406578	0.0811950055746516	0	0	0	0
"TCGA-50-5055-01A"	0.510447013353424	0	0	0	0.39440473030885	0	0	0	0	0	0
"TCGA-95-A4VN-01A"	0	0	0	0.799562728026063	0	0	0	0	0	0	0
"TCGA-44-7659-01A"	0	0	0	0.590675625944175	0.172132117452219	0.0831652878249301	0	0	0	0	0
"TCGA-NJ-A7XG-01A"	0.67998714331953	0	0	0.182814212591195	0.081566461963415	0	0	0	0	0	0
"TCGA-97-8179-01A"	0	0	0	0.561296882063343	0.233970354404517	0	0	0	0	0	0
"TCGA-44-8120-01A"	0	0	0	0.785530672084819	0.0835968742299336	0.0604470646163575	0	0	0	0	0
"TCGA-97-8171-01A"	0.531434604461481	0	0	0.179170673202489	0.242538958304601	0	0	0	0	0	0
"TCGA-44-3398-01A"	0	0.207199794123692	0	0.55124290162969	0	0.170366972826994	0	0	0	0	0
"TCGA-NJ-A55R-01A"	0	0	0	0.750873905809592	0	0.126651960492527	0	0	0	0	0
"TCGA-55-8511-01A"	0	0.0678013520250905	0	0.719154788057635	0	0.0912485491038247	0	0	0	0	0
"TCGA-MN-A4N4-01A"	0	0.208084080583524	0	0.676091261263622	0	0	0	0	0	0	0
"TCGA-17-Z031-01A"	0	0	0	0.787563714490281	0.105561477902234	0	0	0	0	0	0
"TCGA-MP-A4TE-01A"	0.273596860748478	0	0	0.416825119220087	0.110748580673235	0.116286407757371	0	0	0	0	0
"TCGA-55-7574-01A"	0	0.312405902151572	0.150952429683316	0.185279675318057	0.103979502191609	0	0.141876147419812	0	0	0	0
"TCGA-44-A4SU-01A"	0	0	0	0.450969758575887	0.121624711506825	0.255637044986458	0	0	0	0	0
"TCGA-99-8025-01A"	0	0.250736602163467	0	0.466636224316678	0	0.176168051322494	0	0	0	0	0
"TCGA-17-Z017-01A"	0	0	0.207977633568231	0.561488044320218	0	0	0	0	0	0	0
"TCGA-55-8299-01A"	0	0	0	0.623018456637266	0.125597729424783	0	0	0	0	0	0.131159807659792
"TCGA-17-Z052-01A"	0.0691447497538391	0	0.0829069856028909	0.570739428611718	0	0.224167103427825	0	0	0	0	0
"TCGA-38-4626-01A"	0	0	0	0.80994994712451	0.0884291169862541	0	0	0	0	0	0
"TCGA-L4-A4E5-01A"	0	0	0	0.882607569847164	0	0	0	0	0	0	0
"TCGA-MP-A4TC-01A"	0	0.0688718122419558	0	0.771852417359544	0	0.0865903408120423	0	0	0	0	0
"TCGA-95-8494-01A"	0.218304803643186	0.519755709767051	0	0	0	0.165306739471901	0	0	0	0	0
"TCGA-97-A4M3-01A"	0	0	0	0.708747604097627	0	0	0	0	0	0	0
"TCGA-44-6774-01A"	0	0	0	0.739575812158034	0.230619921472262	0	0	0	0	0	0
"TCGA-75-6205-01A"	0.169535255154376	0	0.29506393085995	0	0.16200284923155	0.127090305162778	0	0.0662787663564456	0	0	0
"TCGA-17-Z011-01A"	0.148186807679272	0	0	0.669295797376703	0	0	0	0	0	0	0
"TCGA-86-A456-01A"	0	0	0	0.677210055016884	0.100955357713894	0.0705198643151582	0	0	0	0	0
"TCGA-L9-A8F4-01A"	0	0	0.180213837110773	0.656558241678188	0	0	0	0	0	0	0.0675279638040042
"TCGA-05-4424-01A"	0	0	0	0.710164046266119	0	0	0	0	0	0	0
"TCGA-49-4487-01A"	0	0.0740208709044272	0.105713744403154	0.522422924982261	0.15493533347598	0	0	0	0	0	0
"TCGA-55-6970-01A"	0	0	0	0.614301938022404	0.0771347204285142	0.127863687456786	0	0	0	0	0
"TCGA-17-Z026-01A"	0	0.451646039481952	0	0.430721441106437	0	0	0	0	0	0	0
"TCGA-MN-A4N1-01A"	0.0973292224849045	0	0	0.629743665663072	0.15709909776693	0	0	0	0	0	0
"TCGA-55-7727-01A"	0	0.269280460977603	0	0.425730363539097	0	0.0917187236175396	0.133907457617835	0	0	0	0
"TCGA-J2-8194-01A"	0.21496028144963	0	0	0	0.292025006641276	0.0762073693564663	0.0850328308691847	0	0	0.0975317775455993	0
"TCGA-73-4666-01A"	0	0	0	0.678326581371421	0	0.0606603616390475	0	0	0	0	0
"TCGA-95-7567-01A"	0	0	0	0.334511132059451	0.10853478349883	0.52313201825576	0	0	0	0	0
"TCGA-44-2656-01A"	0	0	0	0.873475151265547	0	0	0	0	0	0	0
"TCGA-44-A47F-01A"	0	0.084743029592296	0.164310305995265	0	0.0953758341933597	0.266930615406443	0.106978681047304	0	0	0	0.112729716987793
"TCGA-53-7626-01A"	0	0	0	0.612170300585351	0.10723662660329	0.0935784014272694	0	0	0	0	0
"TCGA-55-A57B-01A"	0.411224040766173	0	0.171245705296292	0	0.145756497028297	0.144206070693941	0.11457024558159	0	0	0	0
"TCGA-44-5645-01A"	0.42781567241322	0	0	0	0.386005651500741	0.120445244738959	0	0	0	0	0
"TCGA-44-3917-01A"	0	0.0810492136091892	0	0.616591272600807	0.0773363138667959	0	0	0	0	0	0
"TCGA-05-4250-01A"	0	0	0	0.566294094113042	0.0654843399949825	0.155610223085017	0	0	0	0	0
"TCGA-55-7227-01A"	0.136654574443497	0	0	0.6213790789442	0	0.12044386478257	0	0	0	0	0
"TCGA-17-Z041-01A"	0.19705212899083	0.102550471690508	0	0	0.532225230805799	0.0812939578262516	0	0	0	0	0
"TCGA-17-Z025-01A"	0.075175781215434	0	0	0.693079296673976	0.179880671648164	0	0	0	0	0	0
"TCGA-05-4417-01A"	0	0	0.0815833297319043	0.567852331092769	0	0	0	0	0	0	0.160513946094122
"TCGA-MP-A4TD-01A"	0.0975219064337302	0	0.100219306917265	0.453347885890249	0.0729397632418197	0.235510069958847	0	0	0	0	0
"TCGA-50-5941-01A"	0	0	0.145256640982948	0.642572425260739	0	0	0	0	0	0	0
"TCGA-44-6775-01A"	0	0.0641291672996024	0.215156647689107	0	0.485938549154557	0.167213539889828	0	0	0	0	0
"TCGA-50-6591-01A"	0.283524684006893	0	0.0791879367318491	0	0.249340024148873	0.0794340211271195	0.188636814552791	0.0633874840085791	0	0	0
"TCGA-55-A490-01A"	0	0	0	0.74152573311515	0.103161125873544	0	0	0	0	0	0
"TCGA-49-4488-01A"	0	0.0634643738327314	0	0.794140287189144	0	0	0	0	0	0	0
"TCGA-55-8089-01A"	0	0.252637170154634	0	0.616689345513163	0	0	0	0	0	0	0
"TCGA-05-4384-01A"	0	0	0	0.601082706495398	0.0868763564459743	0.107487216979764	0	0	0	0	0
"TCGA-17-Z023-01A"	0	0.082131010347535	0.099685596756898	0.432224568223675	0.24222831743342	0	0	0	0	0	0
"TCGA-50-6594-01A"	0	0	0	0.787808514335002	0	0	0	0	0	0	0
"TCGA-55-6979-01A"	0	0.213913322229885	0.170779264462968	0.229612534374784	0.21360549100002	0	0.121321692274419	0	0	0	0
"TCGA-73-4659-01A"	0.104572569028911	0	0	0.790222977550232	0	0	0	0	0	0	0
"TCGA-O1-A52J-01A"	0	0	0.092224341040877	0.545266947764194	0.128353005524751	0.162150975978573	0	0	0	0	0
"TCGA-44-7660-01A"	0	0.07097250058067	0.193985140820438	0.4343643938615	0.0975842497274793	0.0875582158656149	0	0	0	0	0
"TCGA-99-8032-01A"	0	0	0	0.787052699238168	0	0.127485288738414	0	0	0	0	0
"TCGA-53-7624-01A"	0	0.143480348630319	0	0.614111173350662	0	0.066761309972448	0	0	0	0	0
"TCGA-55-7816-01A"	0.302659616187724	0	0	0	0.697340383812276	0	0	0	0	0	0
"TCGA-91-6830-01A"	0	0.651024662241504	0	0	0.0912297808622857	0	0.0941220128245768	0	0	0.0604824245627508	0
"TCGA-62-A470-01A"	0.248521416219281	0	0.0779259448338705	0.198100459813985	0.232887652342053	0.103787755258574	0	0	0	0	0
"TCGA-91-A4BC-01A"	0	0	0	0.847737361407236	0	0.106772059336994	0	0	0	0	0
"TCGA-35-4122-01A"	0	0.0681816736065522	0.232256373386083	0.0917590347466778	0.398130293608663	0.106580961040279	0	0	0	0	0
"TCGA-86-7701-01A"	0.122298377507442	0	0	0.658315883522453	0	0	0	0	0	0	0
"TCGA-17-Z027-01A"	0	0	0.0954443368493149	0.358715131577995	0.133897570545793	0.158346588087146	0	0	0	0	0
"TCGA-17-Z001-01A"	0	0	0.101900462864165	0.621287844600205	0.0772090898065843	0	0	0	0	0	0
"TCGA-L4-A4E6-01A"	0	0.319640466648333	0	0	0.613940282256761	0	0	0	0	0	0
"TCGA-55-7815-01A"	0.169312002664045	0	0	0.694301649943361	0.0817678342583338	0	0	0	0	0	0
"TCGA-44-8119-01A"	0	0	0.0780595715294737	0.684510772702848	0	0.108638510872683	0	0	0	0	0
"TCGA-95-7039-01A"	0	0	0	0.767811546884944	0	0.0774897823091791	0	0	0	0	0
"TCGA-99-8033-01A"	0.11235077351862	0	0.0614425461521952	0.400451653118716	0.225695891279011	0.14717008909914	0	0	0	0	0
"TCGA-95-A4VP-01A"	0	0	0	0.545281242880807	0.126467327194795	0.207431176052252	0	0	0	0.0773083013752159	0
"TCGA-49-AARE-01A"	0	0	0	0.802197464228667	0.060684778822766	0	0	0	0	0	0
"TCGA-97-8175-01A"	0.0971247861875158	0	0	0	0.844046152924544	0	0	0	0	0	0
"TCGA-50-6595-01A"	0	0.0897949709448393	0.291416732565474	0	0	0.0657610763653521	0.217441114190136	0	0	0	0.0851351880742252
"TCGA-05-4403-01A"	0.236192187204228	0	0	0.397823385171142	0.0840612409246324	0.0891770432199352	0.0661773210108445	0	0	0	0
"TCGA-55-A4DG-01A"	0	0	0	0.83320399684901	0	0.102270330145343	0	0	0	0	0
"TCGA-69-7973-01A"	0.0721793822638064	0	0	0.600504464854109	0.235996605430496	0	0	0	0	0	0
"TCGA-55-8094-01A"	0	0	0	0.62794998271032	0.145075132865716	0.0802908954726159	0	0	0	0	0
"TCGA-55-8510-01A"	0	0	0	0.765368945105785	0	0.067169188201554	0	0	0	0	0
"TCGA-78-7145-01A"	0.126511333862793	0	0	0.669631499086598	0	0	0	0	0	0	0
"TCGA-69-7980-01A"	0	0.116694871742006	0	0.665530859705679	0	0.0843735655535874	0	0	0	0	0
"TCGA-55-8506-01A"	0.187285299626263	0	0	0.488916439181932	0	0.273524363681542	0	0	0	0	0
"TCGA-62-A471-01A"	0.115774042542346	0.367741235320123	0.14079498258872	0	0	0	0.0840368379650154	0.123637837626737	0	0	0
"TCGA-55-1595-01A"	0.0980819971254446	0	0	0.517560385229622	0.3286293873192	0	0	0	0	0	0
"TCGA-44-2661-01A"	0	0	0.103227731991446	0	0.708456207339504	0.173439480587227	0	0	0	0	0
"TCGA-78-7633-01A"	0	0	0	0.523189293985148	0.211988273290103	0	0	0	0	0	0
"TCGA-17-Z037-01A"	0.868715677583875	0	0	0	0.0655327338118775	0	0	0	0	0	0
"TCGA-64-1680-01A"	0.442614406008398	0.301782801465407	0	0	0	0	0	0	0	0	0.124394528451566
"TCGA-64-1679-01A"	0	0	0	0.666332705784615	0.172955021655795	0	0	0	0	0	0
"TCGA-75-6203-01A"	0.836315916418658	0	0	0	0	0.163684083581342	0	0	0	0	0
"TCGA-97-7554-01A"	0	0	0	0.750536992017827	0.0604746763239715	0	0.0704862209379535	0	0	0	0
"TCGA-95-A4VK-01A"	0.11434155127075	0	0	0.692270594945943	0.0749378174013408	0	0	0	0	0	0
"TCGA-78-8655-01A"	0	0	0	0.528997791433663	0	0.303012234488297	0.107855906843364	0	0	0	0
"TCGA-49-4486-01A"	0	0.418898130421583	0.122809680913353	0	0.163813937365585	0	0.117339868143283	0	0	0	0
"TCGA-55-8208-01A"	0	0.393163193948504	0.094420231085414	0.159302508999117	0.106133516679457	0.065250941105672	0.0701905590299684	0	0	0	0
"TCGA-05-4415-01A"	0	0	0	0.764313146125808	0.0813342684721805	0	0	0	0	0	0
"TCGA-97-A4M5-01A"	0.110803736809199	0.636933674084217	0	0	0.105303892924751	0	0	0	0	0	0
"TCGA-MP-A4TH-01A"	0.151568232601133	0	0	0.238766737553079	0.349937202294144	0	0	0	0	0.0921312272980696	0
"TCGA-55-7570-01A"	0	0.138413178419362	0.154844325887771	0.357996761513777	0.0923756828346268	0	0	0	0	0	0
"TCGA-86-8280-01A"	0	0	0	0	0.350610881433362	0.344094602091038	0.26673670926792	0	0	0	0
"TCGA-75-5125-01A"	0.146336870772462	0.170149039794901	0.0898530625400092	0.258884001339891	0.0659786453165412	0.0717564595780999	0	0.0804643745463537	0	0	0
"TCGA-MP-A4TA-01A"	0	0	0.0685174306039722	0.571986017948585	0	0.105934123022169	0	0	0	0	0
"TCGA-97-8552-01A"	0	0	0.324930600246934	0.0797598350997213	0.190110751527557	0.0811931333103471	0.0617486364145626	0	0.101987737049304	0	0
"TCGA-73-4662-01A"	0.0819752170141884	0	0	0.579330935832877	0.149175703858334	0	0	0	0	0	0
"TCGA-95-7944-01A"	0.0609131177969007	0.678825538086247	0	0.069950570569191	0	0	0.133335769639388	0	0	0	0
"TCGA-86-8278-01A"	0.166069845509643	0.788350765825065	0	0	0	0	0	0	0	0	0
"TCGA-55-7283-01A"	0.264104011025725	0.173552766032243	0.0684375988305663	0.37369994385455	0	0.0639527493659347	0	0	0	0	0
"TCGA-55-7726-01A"	0.23871049961539	0.509915296251802	0	0	0	0	0	0	0	0.0749558246987102	0
"TCGA-MP-A4SY-01A"	0.121347034878285	0.096148877593896	0.124278026920194	0.367180602411893	0	0	0.0654196568110509	0	0	0	0
"TCGA-44-6144-01A"	0.10571221124216	0	0	0.660566122422229	0	0.0791821176171598	0	0	0	0	0
"TCGA-55-7995-01A"	0	0.0635624389440698	0.110926267127569	0.645326074513427	0	0	0	0	0	0	0
"TCGA-50-5935-01A"	0.083487946942419	0.551906544146622	0	0	0.106708801641571	0.121205503594445	0	0	0	0	0
"TCGA-L9-A7SV-01A"	0	0	0	0.881936310455826	0	0	0	0	0	0	0
"TCGA-55-7725-01A"	0.0764321230403773	0	0	0.413121243876341	0.181513205135985	0	0	0	0	0	0.0971695962395117
"TCGA-95-7562-01A"	0	0	0	0.915748317588306	0	0	0	0	0	0	0
"TCGA-05-4398-01A"	0.0743940770081997	0.061680956906114	0	0.665750730785141	0	0	0	0	0	0	0
"TCGA-55-6982-01A"	0.10076414760942	0.689120278256774	0.0829525731618779	0	0	0	0	0	0	0	0
"TCGA-50-7109-01A"	0	0	0.11888934047255	0.607615973275283	0	0.135267071178042	0	0	0	0	0
"TCGA-44-2657-01A"	0.0645039194740679	0	0	0.725597720585596	0.0609972991296269	0.0707691289344162	0	0	0	0	0
"TCGA-49-6742-01A"	0	0.392865056188125	0	0.0672854419187717	0.301239903642886	0.0964858081475361	0.0944808631567727	0	0	0	0
"TCGA-NJ-A4YG-01A"	0.173841157566687	0.203983037210899	0	0.186605744231107	0.230681225522052	0	0	0	0	0	0
"TCGA-17-Z061-01A"	0	0	0.294476263450758	0.233617087604155	0.0968796636427336	0	0	0	0	0	0
"TCGA-55-7281-01A"	0	0	0	0.64169178850833	0.0909908951740978	0	0.0813137429430104	0	0	0	0
"TCGA-05-4244-01A"	0	0	0	0.722478640472415	0	0.128335542843136	0	0	0	0	0
"TCGA-49-4514-01A"	0	0.24256046209892	0	0.398755684008471	0.102757788612317	0.0722697557740045	0.0894190778031618	0	0	0	0
"TCGA-MP-A4T6-01A"	0.248293185298552	0.161785979857767	0	0	0.271788605754704	0.0909303554693646	0.148600079147607	0	0	0	0
"TCGA-55-8203-01A"	0	0	0	0.767676428004556	0	0.113304249190575	0	0	0	0	0
"TCGA-55-7573-01A"	0	0.075355688196156	0	0.279204198558671	0.513169612776263	0	0	0	0	0	0
"TCGA-49-6744-01A"	0	0	0	0.694118463664413	0.178850128519851	0	0	0	0	0	0
"TCGA-93-7347-01A"	0	0	0.0618595630104503	0.533918747590058	0.195371435549153	0.084478486272669	0	0	0	0	0
"TCGA-78-7542-01A"	0	0.0617218167821446	0	0.801785804256353	0	0.0718883820549819	0	0	0	0	0
"TCGA-69-7979-01A"	0	0	0	0.838392784534379	0	0	0	0	0	0	0
"TCGA-05-4395-01A"	0.102049974426773	0.263036760489258	0	0.492250124506714	0	0	0.0705903016166777	0	0	0	0
"TCGA-17-Z058-01A"	0	0	0	0.544326943335669	0.149296973685466	0.221642627087254	0	0	0	0	0
"TCGA-MP-A4SV-01A"	0	0.303310692309639	0.100110964112332	0.240232048438756	0	0.103221535827802	0.0687785903209763	0	0	0	0
"TCGA-MP-A4T4-01A"	0	0	0	0.62889882970518	0.0631466413194599	0.12939871203554	0	0	0	0	0
"TCGA-17-Z020-01A"	0	0.249814866842249	0	0.355956630586844	0	0.0837924223356246	0	0	0	0.0684869272616524	0
"TCGA-62-8398-01A"	0	0.0608718989294232	0	0	0.451852050627996	0.11398875069095	0	0.073945421458135	0	0	0.0774134839521686
"TCGA-44-8117-01A"	0	0	0	0.835222176831915	0	0.0799290833933507	0	0	0	0	0
"TCGA-97-A4M2-01A"	0.214152477097864	0	0.0688987567604053	0	0.424399078533884	0	0	0	0	0.0955743573446634	0.196975315678552
"TCGA-55-8507-01A"	0	0	0	0.82923199109443	0	0	0	0	0	0	0
"TCGA-44-7672-01A"	0.0634360509751032	0	0	0.65866952379935	0.116070806958644	0	0	0	0	0.0786830470415756	0
"TCGA-91-6831-01A"	0	0	0.1093688276418	0.598363779588043	0	0.0979287525739265	0	0	0	0	0
"TCGA-78-7146-01A"	0.121612709777115	0.190344559297424	0	0.521856805187618	0.0737935241714306	0	0	0	0	0	0
"TCGA-49-4490-01A"	0.319487472049895	0.238108214534564	0	0	0	0.234122429253201	0	0	0	0	0
"TCGA-73-A9RS-01A"	0	0	0	0.851395689172799	0	0	0	0	0	0	0
"TCGA-50-5044-01A"	0	0.692119861534788	0.0607190642685763	0	0	0	0.0782725190407693	0	0	0	0
"TCGA-17-Z000-01A"	0.110759843457787	0.174431228341473	0	0.17555798932321	0.294247904620445	0.0745768627700782	0.0618729753730095	0	0	0	0
"TCGA-86-6562-01A"	0.315772259187545	0.10454794681656	0.430635221866487	0	0.0777084383659332	0	0	0	0	0	0
"TCGA-05-4430-01A"	0	0	0	0.632110272679903	0	0.0629788717972427	0	0	0	0	0.12536198818888
"TCGA-55-8615-01A"	0	0	0	0.412430185707782	0.24749571116002	0.130329558147302	0	0	0	0	0
"TCGA-55-8302-01A"	0	0	0	0.865863606273709	0	0	0	0	0	0	0
"TCGA-44-6777-01A"	0	0.18357057179614	0	0.565598896897525	0	0.0681114743042729	0	0	0	0	0
"TCGA-67-3774-01A"	0	0	0	0.460218717880887	0.177908777966823	0.107127935052679	0	0	0	0.0757366619013669	0
"TCGA-55-8512-01A"	0	0	0	0.161567059880764	0.773761119822637	0	0	0	0	0	0
"TCGA-17-Z009-01A"	0	0	0	0.523262307883818	0.34163484939466	0	0	0	0	0.0884466806012501	0
"TCGA-49-6767-01A"	0	0	0	0.724941127812056	0	0.137015379491501	0	0	0	0	0
"TCGA-50-8459-01A"	0.122371513650357	0	0	0.330373129120326	0.228373388015216	0.0860659489724173	0	0	0	0	0
"TCGA-97-A4M1-01A"	0.534104641004481	0.188980932360477	0.170187690797586	0	0	0	0	0	0	0	0.0620938693467008
"TCGA-50-5939-01A"	0	0.123852791269752	0	0.0714959128818217	0.406524174062012	0.142471726038135	0	0	0	0	0.080869020088932
"TCGA-05-5429-01A"	0.734075509273988	0	0.0929520814530507	0	0	0	0	0.0765721800009984	0	0	0
"TCGA-55-8513-01A"	1	0	0	0	0	0	0	0	0	0	0
"TCGA-17-Z042-01A"	0	0	0	0.760027928811571	0.0909423609823713	0	0	0	0	0	0
"TCGA-49-4494-01A"	0.125943028540002	0	0	0.763280171348153	0.0728575921602334	0	0	0	0	0	0
"TCGA-64-5779-01A"	0	0	0	0.718547222052392	0.0756148893330274	0.0976251211657358	0	0	0	0	0
"TCGA-44-6148-01A"	0	0	0	0	0.111266574084676	0	0.206606046824751	0	0	0	0
"TCGA-17-Z051-01A"	0.0853654575428118	0	0	0.110143785634318	0.359886755772584	0.0628980905048501	0	0	0	0.0619286077481082	0.0723793878569299
"TCGA-75-5122-01A"	0	0.0744803828835742	0.24045902697028	0.126450151136111	0	0.206622108839791	0.141428762244364	0	0	0	0.199447492262524
"TCGA-64-5781-01A"	0	0.0656391218193095	0	0.717092731373927	0.0895832124898783	0	0	0	0	0	0
"TCGA-17-Z059-01A"	0.0767203259521043	0.171549248506592	0	0.437662398548858	0.219534115931415	0	0	0	0	0	0
"TCGA-50-6593-01A"	0	0	0	0.674193614848081	0.0908436082616573	0.0616580209044441	0	0	0	0	0
"TCGA-93-8067-01A"	0	0.640244879939861	0	0	0	0	0.0751909223949695	0	0	0	0.0865443304546134
"TCGA-50-5045-01A"	0	0	0	0.909133465706041	0	0	0	0	0	0	0
"TCGA-93-A4JQ-01A"	0	0.338461048665403	0.3434570472461	0	0.0658063469735347	0.105087396778305	0	0	0	0.0673401650630622	0
"TCGA-17-Z044-01A"	0	0	0	0.414411777116383	0.361323075574166	0	0	0	0	0	0
"TCGA-35-5375-01A"	0	0	0	0.581553005047991	0	0.105599397994835	0	0	0	0	0
"TCGA-55-A491-01A"	0	0	0	0.735550805460437	0	0.0957690437277329	0	0	0	0	0
"TCGA-55-8091-01A"	0.710015352265086	0	0	0	0	0.262443880524375	0	0	0	0	0
"TCGA-NJ-A4YF-01A"	0	0	0	0.891359885055647	0	0	0	0	0	0	0
"TCGA-62-A46V-01A"	0.343794306003175	0.0628625372093915	0.101787610044736	0	0.127723887249651	0.0632219339317009	0	0.0687829672349644	0	0	0
"TCGA-86-8671-01A"	0.336827723147915	0	0	0	0.372822607663501	0	0	0.109200525704201	0	0	0
"TCGA-55-8619-01A"	1	0	0	0	0	0	0	0	0	0	0
"TCGA-67-6215-01A"	0	0	0	0	0.956146553835677	0	0	0	0	0	0
"TCGA-78-7220-01A"	0	0.0655970677039889	0	0.677223079917098	0	0	0	0	0	0	0
"TCGA-67-3771-01A"	0	0.217493909864057	0.115905748280014	0.383830096421764	0	0.117317491837538	0.0794440360100715	0	0	0	0
"TCGA-62-A46O-01A"	0	0.13518890111204	0	0.732909861147885	0	0.0648980421438458	0	0	0	0	0
"TCGA-86-A4P8-01A"	0	0	0	0	1	0	0	0	0	0	0
"TCGA-91-6828-01A"	0.063088258299835	0	0	0.811131389284867	0	0	0	0	0	0	0
"TCGA-97-7552-01A"	0.476975292566728	0	0	0	0.0925565382716804	0.258271200234999	0	0.123148487220066	0	0	0
"TCGA-62-A46S-01A"	0.249770262521769	0	0	0.439626830188318	0	0	0.098747572235004	0	0	0	0
"TCGA-78-7153-01A"	0.205389603703046	0.161878813742008	0.16844024266284	0	0.15739134395345	0.111123551543379	0	0	0	0	0
"TCGA-71-6725-01A"	0.695648030502088	0	0	0	0	0.157833227999513	0.12547959371577	0	0	0	0
"TCGA-38-4629-01A"	0.105587738433727	0	0	0.58101168112212	0.148709882199667	0	0	0	0	0	0
"TCGA-MP-A4TI-01A"	0	0.496182214679856	0	0.109754605343878	0.135613180953208	0.112711308987129	0	0	0	0	0
"TCGA-53-7813-01A"	0	0	0	0.533140198934433	0	0.216619885342747	0	0	0	0	0.0821867307374917
"TCGA-38-4630-01A"	0.290781052946405	0.392136363704719	0.163094699957917	0	0	0	0	0.0740843097585299	0	0	0
"TCGA-97-A4M0-01A"	0	0.150539793058125	0	0.574124236362947	0.060610630904553	0.0733820432526643	0	0	0	0	0
"TCGA-17-Z010-01A"	0	0.083863220586127	0	0.746245462258814	0	0	0	0	0	0	0
"TCGA-17-Z016-01A"	0.0914231161596108	0	0	0.758457402987248	0.0636954644461132	0	0	0	0	0	0
"TCGA-55-6980-01A"	0.329063194347006	0	0	0	0.170963199367085	0	0	0	0.451193898128324	0	0
"TCGA-05-4420-01A"	0	0	0	0.486862748499922	0.272961953361739	0.0744694156236691	0	0	0	0	0
"TCGA-38-4632-01A"	0	0	0	0.68812725052169	0.0827995546733406	0	0.0645486167225294	0	0	0	0
"TCGA-44-6776-01A"	0	0	0	0.591346873747776	0.215582745206296	0.113568999662235	0	0	0	0	0
"TCGA-50-6597-01A"	0.443342905341747	0.291278899619591	0	0	0	0	0.0773810358885663	0	0	0	0
"TCGA-44-6778-01A"	0	0	0	0.650435217207532	0.0948033698971276	0.0617441831594567	0	0	0	0	0
"TCGA-62-A472-01A"	0.225685693324165	0	0.0919444672435902	0	0.322691418511099	0	0.159633986746041	0	0	0	0
"TCGA-55-A492-01A"	0.0709833528819048	0	0	0.71715755006344	0.0631983955631354	0	0	0	0	0	0
"TCGA-69-7764-01A"	0	0	0.127355921664312	0.0692170037774167	0.397763991208993	0.290268403548751	0	0	0	0	0
"TCGA-78-7150-01A"	0.117585578357625	0.269527472025875	0.0840167110279577	0.33014463172446	0	0	0.06877329930793	0	0	0	0
"TCGA-80-5611-01A"	0	0	0.122027952015163	0.41590725626133	0.239089283497145	0.0945215214836409	0	0	0	0	0
"TCGA-86-8585-01A"	0	0.0941832893900663	0	0.579758804411425	0.102000118942731	0	0	0	0	0	0
"TCGA-44-A47A-01A"	0.147494615464915	0.245970426293978	0	0.136322676157699	0.152007795746725	0.0680041903878339	0.0907709880376304	0	0	0.0658658937799314	0
"TCGA-69-7765-01A"	0	0.0668250826000905	0	0.766368351437347	0	0.0774359408045545	0	0	0	0	0
"TCGA-50-5930-01A"	0	0	0	0.899020182124844	0	0.0823274071196119	0	0	0	0	0
"TCGA-49-AAR0-01A"	0	0	0	0.382107878959942	0.11661693360602	0.12706224391709	0	0	0	0.0863156439261813	0
"TCGA-49-AARQ-01A"	0	0	0	0.746042081990415	0.112379720668539	0	0	0	0	0	0
"TCGA-55-8096-01A"	0.145717911895493	0	0	0.613114691313077	0	0	0	0	0	0	0.0907208455892245
"TCGA-73-4677-01A"	0	0	0	0.594300725270918	0	0.0648862815933148	0	0	0	0	0.187983544650824
"TCGA-J2-A4AE-01A"	0.292583769667753	0.271769840950906	0.126293931080003	0	0.169787289494584	0.084278150875338	0	0	0	0	0
"TCGA-50-5051-01A"	0	0	0	0.465828370007971	0.119176650493235	0.145179100138881	0	0	0	0	0
"TCGA-91-6840-01A"	0.188311708241485	0.500506544564886	0.119731553917331	0	0	0	0	0.0705737823301672	0	0	0
"TCGA-55-1594-01A"	0.0816950710744282	0.297616915854714	0.124341268627586	0.147789816691173	0	0.100316007283474	0	0	0	0	0.129204510033759
"TCGA-55-5899-01A"	0	0.178778841002545	0	0.588021120892769	0.0869337755882899	0	0	0	0	0	0
"TCGA-95-7948-01A"	0.108841098731125	0.825055615378687	0	0	0	0	0	0	0	0	0
"TCGA-L9-A444-01A"	0	0	0	0.72730748740736	0.192045107937942	0	0	0	0	0	0
"TCGA-69-8254-01A"	0.339725657001475	0	0	0.380392934317399	0.0919872755296132	0	0.10013015472479	0	0	0.0620681582060269	0
"TCGA-78-7167-01A"	0	0.246291940893618	0.121895804070053	0.199275070391474	0.12397554880297	0.186839032345119	0	0	0.0637069028405642	0	0
"TCGA-49-4506-01A"	0	0	0	0.59912386881198	0.103843565628111	0.212891715191711	0	0	0	0	0
"TCGA-95-8039-01A"	0	0.171436737592099	0.289514969292811	0.177886168491951	0	0.277655874026063	0	0	0.0661953024872682	0	0
"TCGA-75-6214-01A"	0	0.157118969733508	0	0.45331949667976	0.145666802465753	0.0731253938571473	0.072548591316184	0	0	0	0
"TCGA-55-7903-01A"	0	0.0606461844725896	0	0.351027584144659	0.109331897587594	0.267334635981769	0	0	0.101637818895824	0	0
"TCGA-38-4631-01A"	0	0	0	0.870723719030726	0	0	0	0	0	0	0
"TCGA-97-7547-01A"	0.11366845810176	0.168525629343138	0	0.441627655357606	0	0	0	0	0	0.115942021058458	0
"TCGA-69-7974-01A"	0.0659622832022839	0	0	0.580125048558611	0.156429986749714	0	0	0	0	0	0
"TCGA-55-8514-01A"	0.10009932866914	0	0	0.790308039232833	0	0	0	0	0	0	0
"TCGA-44-A479-01A"	0	0	0	0.786543724688773	0	0	0	0	0	0	0
"TCGA-55-7576-01A"	0.12109467347751	0	0	0.567881940799936	0.208474711128837	0	0	0	0	0	0
"TCGA-86-7954-01A"	0.143687446380234	0.108511355360465	0.141962874724877	0.313132240890011	0.0648308916404373	0.0610029138418991	0	0	0	0	0
"TCGA-17-Z018-01A"	0	0	0	0.9091082389098	0	0	0	0	0	0	0
"TCGA-91-8496-01A"	0.174017629353112	0	0.143892695245246	0	0.184672490679774	0.391836190715937	0	0	0	0	0
"TCGA-17-Z022-01A"	0	0.138690512500137	0	0.677642266324511	0	0	0	0	0	0	0
"TCGA-17-Z049-01A"	0	0	0	0.787228256272813	0	0	0	0	0	0	0
"TCGA-17-Z014-01A"	0.061715650397157	0	0.0604686850973751	0.612274235265441	0.0643225820855979	0	0	0	0	0	0
"TCGA-55-6984-01A"	0.235466552827993	0	0	0	0.536308167928759	0	0.060996277646907	0.14255754873405	0	0	0
"TCGA-17-Z045-01A"	0	0	0.0788979362666309	0.788158409994664	0	0	0	0	0	0	0
"TCGA-91-7771-01A"	0	0	0.167252987629756	0.15846556409934	0.259009376610801	0.0754352743624577	0.0787759677686227	0	0	0	0
"TCGA-67-3773-01A"	0	0	0	0.309227979186402	0.343067383011615	0.198233848099978	0.0789751316300596	0	0	0	0
"TCGA-99-8028-01A"	0	0	0	0.813914200479249	0	0	0	0	0	0	0
"TCGA-75-7030-01A"	0.915063235473629	0	0	0.0849367645263708	0	0	0	0	0	0	0
"TCGA-17-Z062-01A"	0	0	0	0.779623313125034	0.0941468284253325	0	0	0	0	0	0
"TCGA-38-6178-01A"	0.261512666744573	0.079916847735734	0.0986485100028177	0.167526301936243	0	0	0	0	0.0625321648782414	0	0.244188475516374
"TCGA-17-Z033-01A"	0	0.128710868460363	0	0.652279902435903	0.0979431602456488	0	0	0	0	0	0
"TCGA-49-AARR-01A"	0	0	0	0	0.142304863190827	0	0	0	0	0	0.857695136809173
"TCGA-05-4418-01A"	0	0	0	0.503386723943156	0.264592917448527	0	0	0	0	0	0
"TCGA-86-7714-01A"	0.0854829942975257	0	0	0	0.627395116305074	0	0	0	0	0.160233912310717	0
"TCGA-44-6779-01A"	0.319297990723275	0	0	0.470398498151016	0.112634682887634	0	0	0	0	0	0
"TCGA-69-8253-01A"	0.110486221556886	0.0767004232070213	0	0.445999232773119	0.265129272675723	0	0	0	0	0	0
"TCGA-50-6673-01A"	0.404434240577646	0	0.347676861438476	0	0	0.13601727708444	0.0774026431932762	0	0	0	0
"TCGA-MP-A4T7-01A"	0.11733243209522	0	0	0.695957281470938	0.0814645311251235	0.0915582350545393	0	0	0	0	0
"TCGA-17-Z019-01A"	0	0	0	0	1	0	0	0	0	0	0
"TCGA-78-7540-01A"	0.747182569043453	0	0	0	0	0.17893559384715	0	0.0738818371093967	0	0	0
"TCGA-64-5774-01A"	0	0	0	0.64236786166041	0.0867381266176735	0	0	0	0	0	0
"TCGA-97-7937-01A"	0	0	0	0.613891709796035	0.183700043499375	0.170547545342381	0	0	0	0	0
"TCGA-97-A4M6-01A"	0	0.117561851479189	0	0	0.467707891225973	0.361943085710092	0	0	0	0	0
"TCGA-44-2655-01A"	0	0	0	0.775106879019661	0.0963419528773794	0	0	0	0	0	0
"TCGA-64-1681-01A"	0.139558054317755	0.208841529211931	0.273790003062929	0.0919065622568943	0.264236523857715	0	0	0	0	0	0
"TCGA-69-7761-01A"	0.204263140414167	0	0.182214251291578	0	0.360828339920486	0.092798499914798	0	0.0799409128273592	0	0	0
"TCGA-62-8394-01A"	0.206719164387766	0.139517004937082	0.418239712478927	0	0	0	0	0	0	0	0
"TCGA-55-6985-01A"	0	0	0	0.754689180253624	0.0959972782312474	0.0709280697468222	0	0	0	0	0
"TCGA-NJ-A4YQ-01A"	0	0	0	0.836133011722872	0.0727398471574926	0.0664881326805345	0	0	0	0	0
"TCGA-35-3615-01A"	0	0.302704907098665	0	0.374634735821621	0.0939416274334944	0.134537496545694	0	0	0	0	0
"TCGA-17-Z050-01A"	0	0.0607725230586042	0.25491973530323	0.228230602494791	0.110464314318784	0.13005071833229	0	0	0	0	0
"TCGA-62-A46R-01A"	0.20946281626877	0.129411014057475	0	0.338928168259886	0.0933915598525439	0.0906830646510925	0	0	0	0	0
"TCGA-55-6975-01A"	0.168326409817043	0.0802433730637732	0.13085314710502	0	0.277926516442498	0.14530133302773	0	0	0	0.062944388491041	0
"TCGA-62-A46P-01A"	0	0	0	0.532314569903266	0.206779436401515	0	0	0	0	0	0
"TCGA-93-A4JP-01A"	0	0.29667600677436	0	0.121517648144233	0	0.286712353569573	0	0.165766631328858	0	0.109090978270357	0
"TCGA-44-6147-01A"	0	0	0	0.550840165484841	0.311130046857921	0	0	0	0	0	0
"TCGA-86-8073-01A"	0	0	0	0.826170355270753	0	0.0610702559217656	0	0	0	0	0
"TCGA-44-2666-01A"	0.314016371541824	0	0	0	0.227588560102978	0.208452820947876	0	0	0.155550739272815	0	0
"TCGA-91-6848-01A"	0	0.0740006802196491	0.17616149679513	0.47237547859095	0	0.095221745834868	0	0	0	0	0
"TCGA-78-8662-01A"	0	0	0	0.789069889573866	0	0	0	0	0	0	0
"TCGA-50-5049-01A"	0	0	0	0.764388636643647	0	0.0738852484745129	0	0	0	0	0
"TCGA-05-5420-01A"	0.17660434975726	0	0	0.606423451862527	0	0.0725044643695836	0.0848012246461867	0	0	0	0
"TCGA-MP-A5C7-01A"	0.203503346213719	0	0	0.0793664361108786	0.441897322885707	0.0891129239960285	0	0	0	0	0
"TCGA-17-Z021-01A"	0	0.0705699347451057	0	0.667441308247598	0	0.121818849201501	0	0	0	0.0789801719362223	0
"TCGA-55-8090-01A"	0.0944754493734017	0	0.144225842997771	0.404231827542855	0.195575693835562	0	0	0	0	0	0
"TCGA-49-4505-01A"	0.190090957478506	0	0	0.542471387683551	0.15897296109951	0	0	0	0	0	0
"TCGA-93-A4JN-01A"	0.300948561475903	0.0980107714958051	0.280009583650097	0.130876462144226	0	0	0	0	0	0	0
"TCGA-55-6972-01A"	0	0.38613354182244	0	0.21549769492501	0.282208899270079	0	0	0	0	0	0
"TCGA-97-7553-01A"	0.466412714098332	0	0	0.209899545943527	0	0.212861611865726	0.0966496623219924	0	0	0	0
"TCGA-75-7025-01A"	0.518137727891175	0.20979466471511	0	0	0	0.272067607393715	0	0	0	0	0
"TCGA-55-7994-01A"	0	0	0	0.773046477668676	0.0611641652962149	0	0	0	0	0	0
"TCGA-69-7763-01A"	0	0	0	0	0.478982297044852	0.426429470928938	0	0	0	0	0
"TCGA-78-7161-01A"	0	0	0.0866208443431701	0.571256016441126	0.152606652573913	0.117367001421219	0	0	0	0	0
"TCGA-91-A4BD-01A"	0.237594966273543	0	0	0	0.461836710748582	0.217145764937746	0	0	0	0.083422545813701	0
"TCGA-75-7027-01A"	0.0974868680565725	0	0	0.744406309925126	0	0	0	0	0	0	0
"TCGA-78-7154-01A"	0.185487185425723	0.321026326092653	0.153140951809485	0.0724142045394853	0	0.0889541693468911	0	0	0	0	0
"TCGA-J2-8192-01A"	0.274393319320151	0	0.238100251081814	0	0.103923996609225	0.131930645779208	0.115949062613075	0.135702709387021	0	0	0
"TCGA-78-8648-01A"	0	0	0	0.315393376338916	0.455538574471951	0	0	0	0	0.191543183790574	0
"TCGA-50-5944-01A"	0.290654978031685	0.0760385002450546	0	0.0728619150805213	0.412353022614018	0.120616108355419	0	0	0	0	0
"TCGA-86-8056-01A"	0.100394238316097	0.407076983273256	0	0	0.255625322557475	0	0.108955232693738	0	0	0	0
"TCGA-86-8054-01A"	0	0.0612747356913844	0	0.649265260432945	0.109543826717383	0.0828970891228212	0	0	0	0	0
"TCGA-99-7458-01A"	0	0	0	0.775223829076022	0.0871956952968748	0	0	0	0	0	0
"TCGA-MP-A4T9-01A"	0	0.115697476259109	0.0770223470869615	0	0.189937474408829	0	0.156198387552569	0	0	0	0.319101660592442
"TCGA-50-5932-01A"	0	0	0	0.776710907396325	0.074732671693757	0	0	0	0	0	0
"TCGA-38-A44F-01A"	0.479619077292619	0	0	0	0.42216832173583	0	0.0982126009715513	0	0	0	0
"TCGA-73-7498-01A"	0.117356145915067	0	0.0633008807790692	0.307673802139117	0.368818205495878	0.066064753076782	0	0	0	0	0
"TCGA-38-4627-01A"	0.571808897563353	0	0	0	0	0.20588778156306	0	0	0	0.179127052026082	0
"TCGA-17-Z032-01A"	0	0.179400968074593	0	0.308754954729249	0	0.243398807361711	0	0	0.0796908867991598	0	0
"TCGA-53-A4EZ-01A"	0	0	0	0.802346829129992	0	0	0	0	0	0	0
"TCGA-73-4676-01A"	0.181383309334065	0	0	0.232613712961509	0.375191522625332	0.116231405367968	0	0	0	0	0
"TCGA-67-3772-01A"	0.219836457810506	0.0656651276366207	0.139862555531633	0	0.259863056013065	0.23609163002068	0	0	0.0777931958314297	0	0
"TCGA-17-Z036-01A"	0.082937997136898	0.0913037899579566	0	0.462895116416396	0.252175927703679	0	0	0	0	0	0
"TCGA-49-AAR3-01A"	0	0	0.0623774297190096	0.456738729610651	0.184416929557169	0.0799652185822944	0	0	0	0	0
"TCGA-78-7148-01A"	0	0	0	0.493136507327825	0.145453682269744	0.205243361729994	0.0711259381029166	0	0	0	0
"TCGA-75-5126-01A"	0	0.211298796926225	0	0.620133359280861	0	0.0781022069812484	0	0	0	0	0
"TCGA-44-A47B-01A"	0.249215213205746	0	0	0	0.261884100893548	0.313410166260154	0.0805040369480995	0	0	0	0
"TCGA-05-5715-01A"	0.242064306110764	0.549256632936457	0	0	0	0.081138791203147	0.0624378205781643	0	0	0	0
"TCGA-86-8668-01A"	0.631505298456399	0.0821080959522629	0	0	0.0908937359427538	0.0957247257985142	0	0	0	0	0
"TCGA-80-5608-01A"	0.191123826693484	0	0	0.578139993299572	0.202812392662384	0	0	0	0	0	0
"TCGA-93-7348-01A"	0.103822380797831	0.0920966662899991	0.0804048998040554	0.180042352074842	0.131574424980936	0.194846584702707	0	0	0	0	0
"TCGA-4B-A93V-01A"	0.0951916259499182	0	0	0.421492369483288	0.16618447026207	0.0623957289829195	0	0	0	0	0.0699927131806057
"TCGA-49-4512-01A"	0.445436471102993	0.0967832207381001	0.236036746719171	0.0660935199294654	0.0608321291578267	0	0	0	0	0.0614560104557341	0
"TCGA-17-Z060-01A"	0.110431505874709	0	0	0.703980430988786	0	0	0	0.0786728033920711	0	0	0
"TCGA-44-7662-01A"	0	0	0	0.541523778401443	0.195164975346978	0	0	0	0	0	0
"TCGA-64-1676-01A"	0	0	0	0.867278456319266	0	0.0792662001039595	0	0	0	0	0
"TCGA-78-7536-01A"	0.080722011933773	0	0.0770214075808806	0.72764634908294	0	0	0	0	0	0	0
"TCGA-55-6969-01A"	0	0	0.132863953523057	0.547416697690864	0	0.0745989738704163	0	0	0	0	0
"TCGA-44-2668-01A"	0	0.16968409510723	0	0.7536847120952	0	0	0	0	0	0	0
"TCGA-NJ-A55A-01A"	0	0	0	0.577235336515791	0.298010569669435	0	0	0	0	0	0
"TCGA-50-5936-01A"	0.143935574918487	0.365426785345907	0.272110065190323	0.218527574545283	0	0	0	0	0	0	0
"TCGA-55-6986-01A"	0.268578573260344	0	0	0	0.313332270174074	0	0	0.18392412967878	0.18919492840111	0	0
"TCGA-05-4389-01A"	0.207187326845614	0.270158966335891	0.176505420020918	0.168205278620393	0.0718877144405947	0	0	0	0	0	0
"TCGA-78-7537-01A"	0	0.0773376862284796	0	0.589715596457205	0.0780808706229599	0	0	0	0	0.118153897094524	0
